,DATE,TEC
0,2020-10-11 00:00:00,136
1,2020-10-11 00:15:00,143
2,2020-10-11 00:30:00,150
3,2020-10-11 00:45:00,157
4,2020-10-11 01:00:00,157
5,2020-10-11 01:15:00,139
6,2020-10-11 01:30:00,116
7,2020-10-11 01:45:00,93
8,2020-10-11 02:00:00,84
9,2020-10-11 02:15:00,86
10,2020-10-11 02:30:00,87
11,2020-10-11 02:45:00,82
12,2020-10-11 03:00:00,94
13,2020-10-11 03:15:00,71
14,2020-10-11 03:30:00,70
15,2020-10-11 03:45:00,82
16,2020-10-11 04:00:00,104
17,2020-10-11 04:15:00,96
18,2020-10-11 04:30:00,79
19,2020-10-11 04:45:00,85
20,2020-10-11 05:00:00,95
21,2020-10-11 05:15:00,102
22,2020-10-11 05:30:00,99
23,2020-10-11 05:45:00,85
24,2020-10-11 06:00:00,95
25,2020-10-11 06:15:00,92
26,2020-10-11 06:30:00,95
27,2020-10-11 06:45:00,102
28,2020-10-11 07:00:00,123
29,2020-10-11 07:15:00,140
30,2020-10-11 07:30:00,159
31,2020-10-11 07:45:00,158
32,2020-10-11 08:00:00,144
33,2020-10-11 08:15:00,112
34,2020-10-11 08:30:00,74
35,2020-10-11 08:45:00,70
36,2020-10-11 09:00:00,76
37,2020-10-11 09:15:00,93
38,2020-10-11 09:30:00,93
39,2020-10-11 09:45:00,91
40,2020-10-11 10:00:00,94
41,2020-10-11 10:15:00,97
42,2020-10-11 10:30:00,110
43,2020-10-11 10:45:00,115
44,2020-10-11 11:00:00,121
45,2020-10-11 11:15:00,128
46,2020-10-11 11:30:00,94
47,2020-10-11 11:45:00,71
48,2020-10-11 12:00:00,95
49,2020-10-11 12:15:00,67
50,2020-10-11 12:30:00,85
51,2020-10-11 12:45:00,94
52,2020-10-11 13:00:00,108
53,2020-10-11 13:15:00,118
54,2020-10-11 13:30:00,122
55,2020-10-11 13:45:00,96
56,2020-10-11 14:00:00,93
57,2020-10-11 14:15:00,103
58,2020-10-11 14:30:00,114
59,2020-10-11 14:45:00,100
60,2020-10-11 15:00:00,98
61,2020-10-11 15:15:00,95
62,2020-10-11 15:30:00,101
63,2020-10-11 15:45:00,117
64,2020-10-11 16:00:00,122
65,2020-10-11 16:15:00,117
66,2020-10-11 16:30:00,121
67,2020-10-11 16:45:00,112
68,2020-10-11 17:00:00,120
69,2020-10-11 17:15:00,110
70,2020-10-11 17:30:00,111
71,2020-10-11 17:45:00,129
72,2020-10-11 18:00:00,141
73,2020-10-11 18:15:00,152
74,2020-10-11 18:30:00,167
75,2020-10-11 18:45:00,168
76,2020-10-11 19:00:00,157
77,2020-10-11 19:15:00,156
78,2020-10-11 19:30:00,146
79,2020-10-11 19:45:00,136
80,2020-10-11 20:00:00,124
81,2020-10-11 20:15:00,119
82,2020-10-11 20:30:00,129
83,2020-10-11 20:45:00,137
84,2020-10-11 21:00:00,138
85,2020-10-11 21:15:00,146
86,2020-10-11 21:30:00,142
87,2020-10-11 21:45:00,148
88,2020-10-11 22:00:00,138
89,2020-10-11 22:15:00,128
90,2020-10-11 22:30:00,103
91,2020-10-11 22:45:00,116
92,2020-10-11 23:00:00,115
93,2020-10-11 23:15:00,107
94,2020-10-11 23:30:00,120
95,2020-10-11 23:45:00,128
96,2020-10-12 00:00:00,132
97,2020-10-12 00:15:00,144
98,2020-10-12 00:30:00,151
99,2020-10-12 00:45:00,154
100,2020-10-12 01:00:00,148
101,2020-10-12 01:15:00,123
102,2020-10-12 01:30:00,116
103,2020-10-12 01:45:00,95
104,2020-10-12 02:00:00,94
105,2020-10-12 02:15:00,94
106,2020-10-12 02:30:00,98
107,2020-10-12 02:45:00,93
108,2020-10-12 03:00:00,90
109,2020-10-12 03:15:00,78
110,2020-10-12 03:30:00,103
111,2020-10-12 03:45:00,97
112,2020-10-12 04:00:00,120
113,2020-10-12 04:15:00,87
114,2020-10-12 04:30:00,95
115,2020-10-12 04:45:00,111
116,2020-10-12 05:00:00,106
117,2020-10-12 05:15:00,115
118,2020-10-12 05:30:00,103
119,2020-10-12 05:45:00,65
120,2020-10-12 06:00:00,74
121,2020-10-12 06:15:00,91
122,2020-10-12 06:30:00,101
123,2020-10-12 06:45:00,100
124,2020-10-12 07:00:00,98
125,2020-10-12 07:15:00,111
126,2020-10-12 07:30:00,145
127,2020-10-12 07:45:00,136
128,2020-10-12 08:00:00,124
129,2020-10-12 08:15:00,79
130,2020-10-12 08:30:00,71
131,2020-10-12 08:45:00,71
132,2020-10-12 09:00:00,83
133,2020-10-12 09:15:00,85
134,2020-10-12 09:30:00,94
135,2020-10-12 09:45:00,96
136,2020-10-12 10:00:00,94
137,2020-10-12 10:15:00,102
138,2020-10-12 10:30:00,107
139,2020-10-12 10:45:00,108
140,2020-10-12 11:00:00,115
141,2020-10-12 11:15:00,120
142,2020-10-12 11:30:00,88
143,2020-10-12 11:45:00,79
144,2020-10-12 12:00:00,86
145,2020-10-12 12:15:00,66
146,2020-10-12 12:30:00,76
147,2020-10-12 12:45:00,85
148,2020-10-12 13:00:00,102
149,2020-10-12 13:15:00,108
150,2020-10-12 13:30:00,118
151,2020-10-12 13:45:00,94
152,2020-10-12 14:00:00,99
153,2020-10-12 14:15:00,110
154,2020-10-12 14:30:00,129
155,2020-10-12 14:45:00,123
156,2020-10-12 15:00:00,121
157,2020-10-12 15:15:00,107
158,2020-10-12 15:30:00,120
159,2020-10-12 15:45:00,130
160,2020-10-12 16:00:00,123
161,2020-10-12 16:15:00,120
162,2020-10-12 16:30:00,120
163,2020-10-12 16:45:00,117
164,2020-10-12 17:00:00,113
165,2020-10-12 17:15:00,110
166,2020-10-12 17:30:00,127
167,2020-10-12 17:45:00,142
168,2020-10-12 18:00:00,149
169,2020-10-12 18:15:00,154
170,2020-10-12 18:30:00,154
171,2020-10-12 18:45:00,153
172,2020-10-12 19:00:00,154
173,2020-10-12 19:15:00,149
174,2020-10-12 19:30:00,142
175,2020-10-12 19:45:00,130
176,2020-10-12 20:00:00,123
177,2020-10-12 20:15:00,119
178,2020-10-12 20:30:00,122
179,2020-10-12 20:45:00,117
180,2020-10-12 21:00:00,125
181,2020-10-12 21:15:00,132
182,2020-10-12 21:30:00,132
183,2020-10-12 21:45:00,139
184,2020-10-12 22:00:00,132
185,2020-10-12 22:15:00,126
186,2020-10-12 22:30:00,109
187,2020-10-12 22:45:00,123
188,2020-10-12 23:00:00,120
189,2020-10-12 23:15:00,111
190,2020-10-12 23:30:00,123
191,2020-10-12 23:45:00,138
192,2020-10-15 00:00:00,145
193,2020-10-15 00:15:00,156
194,2020-10-15 00:30:00,166
195,2020-10-15 00:45:00,174
196,2020-10-15 01:00:00,182
197,2020-10-15 01:15:00,189
198,2020-10-15 01:30:00,195
199,2020-10-15 01:45:00,200
200,2020-10-15 02:00:00,205
201,2020-10-15 02:15:00,115
202,2020-10-15 02:30:00,118
203,2020-10-15 02:45:00,128
204,2020-10-15 03:00:00,103
205,2020-10-15 03:15:00,84
206,2020-10-15 03:30:00,104
207,2020-10-15 03:45:00,119
208,2020-10-15 04:00:00,99
209,2020-10-15 04:15:00,88
210,2020-10-15 04:30:00,104
211,2020-10-15 04:45:00,103
212,2020-10-15 05:00:00,97
213,2020-10-15 05:15:00,100
214,2020-10-15 05:30:00,63
215,2020-10-15 05:45:00,82
216,2020-10-15 06:00:00,88
217,2020-10-15 06:15:00,98
218,2020-10-15 06:30:00,90
219,2020-10-15 06:45:00,99
220,2020-10-15 07:00:00,103
221,2020-10-15 07:15:00,125
222,2020-10-15 07:30:00,128
223,2020-10-15 07:45:00,128
224,2020-10-15 08:00:00,103
225,2020-10-15 08:15:00,72
226,2020-10-15 08:30:00,69
227,2020-10-15 08:45:00,85
228,2020-10-15 09:00:00,87
229,2020-10-15 09:15:00,88
230,2020-10-15 09:30:00,87
231,2020-10-15 09:45:00,89
232,2020-10-15 10:00:00,97
233,2020-10-15 10:15:00,109
234,2020-10-15 10:30:00,113
235,2020-10-15 10:45:00,117
236,2020-10-15 11:00:00,120
237,2020-10-15 11:15:00,86
238,2020-10-15 11:30:00,52
239,2020-10-15 11:45:00,74
240,2020-10-15 12:00:00,79
241,2020-10-15 12:15:00,92
242,2020-10-15 12:30:00,96
243,2020-10-15 12:45:00,111
244,2020-10-15 13:00:00,119
245,2020-10-15 13:15:00,118
246,2020-10-15 13:30:00,89
247,2020-10-15 13:45:00,86
248,2020-10-15 14:00:00,100
249,2020-10-15 14:15:00,121
250,2020-10-15 14:30:00,104
251,2020-10-15 14:45:00,107
252,2020-10-15 15:00:00,102
253,2020-10-15 15:15:00,88
254,2020-10-15 15:30:00,116
255,2020-10-15 15:45:00,124
256,2020-10-15 16:00:00,113
257,2020-10-15 16:15:00,116
258,2020-10-15 16:30:00,120
259,2020-10-15 16:45:00,121
260,2020-10-15 17:00:00,108
261,2020-10-15 17:15:00,135
262,2020-10-15 17:30:00,153
263,2020-10-15 17:45:00,147
264,2020-10-15 18:00:00,154
265,2020-10-15 18:15:00,163
266,2020-10-15 18:30:00,161
267,2020-10-15 18:45:00,154
268,2020-10-15 19:00:00,150
269,2020-10-15 19:15:00,146
270,2020-10-15 19:30:00,131
271,2020-10-15 19:45:00,121
272,2020-10-15 20:00:00,113
273,2020-10-15 20:15:00,125
274,2020-10-15 20:30:00,108
275,2020-10-15 20:45:00,127
276,2020-10-15 21:00:00,119
277,2020-10-15 21:15:00,131
278,2020-10-15 21:30:00,137
279,2020-10-15 21:45:00,136
280,2020-10-15 22:00:00,144
281,2020-10-15 22:15:00,131
282,2020-10-15 22:30:00,113
283,2020-10-15 22:45:00,123
284,2020-10-15 23:00:00,121
285,2020-10-15 23:15:00,115
286,2020-10-15 23:30:00,113
287,2020-10-15 23:45:00,129
288,2020-10-16 00:00:00,152
289,2020-10-16 00:15:00,154
290,2020-10-16 00:30:00,157
291,2020-10-16 00:45:00,150
292,2020-10-16 01:00:00,114
293,2020-10-16 01:15:00,109
294,2020-10-16 01:30:00,92
295,2020-10-16 01:45:00,79
296,2020-10-16 02:00:00,81
297,2020-10-16 02:15:00,84
298,2020-10-16 02:30:00,96
299,2020-10-16 02:45:00,114
300,2020-10-16 03:00:00,131
301,2020-10-16 03:15:00,142
302,2020-10-16 03:30:00,160
303,2020-10-16 03:45:00,157
304,2020-10-16 04:00:00,115
305,2020-10-16 04:15:00,98
306,2020-10-16 04:30:00,118
307,2020-10-16 04:45:00,106
308,2020-10-16 05:00:00,108
309,2020-10-16 05:15:00,103
310,2020-10-16 05:30:00,109
311,2020-10-16 05:45:00,82
312,2020-10-16 06:00:00,103
313,2020-10-16 06:15:00,110
314,2020-10-16 06:30:00,98
315,2020-10-16 06:45:00,98
316,2020-10-16 07:00:00,119
317,2020-10-16 07:15:00,136
318,2020-10-16 07:30:00,128
319,2020-10-16 07:45:00,130
320,2020-10-16 08:00:00,120
321,2020-10-16 08:15:00,79
322,2020-10-16 08:30:00,87
323,2020-10-16 08:45:00,110
324,2020-10-16 09:00:00,90
325,2020-10-16 09:15:00,97
326,2020-10-16 09:30:00,95
327,2020-10-16 09:45:00,93
328,2020-10-16 10:00:00,111
329,2020-10-16 10:15:00,118
330,2020-10-16 10:30:00,123
331,2020-10-16 10:45:00,127
332,2020-10-16 11:00:00,129
333,2020-10-16 11:15:00,94
334,2020-10-16 11:30:00,69
335,2020-10-16 11:45:00,87
336,2020-10-16 12:00:00,88
337,2020-10-16 12:15:00,89
338,2020-10-16 12:30:00,97
339,2020-10-16 12:45:00,108
340,2020-10-16 13:00:00,114
341,2020-10-16 13:15:00,87
342,2020-10-16 13:30:00,79
343,2020-10-16 13:45:00,88
344,2020-10-16 14:00:00,94
345,2020-10-16 14:15:00,115
346,2020-10-16 14:30:00,111
347,2020-10-16 14:45:00,99
348,2020-10-16 15:00:00,98
349,2020-10-16 15:15:00,106
350,2020-10-16 15:30:00,123
351,2020-10-16 15:45:00,103
352,2020-10-16 16:00:00,112
353,2020-10-16 16:15:00,116
354,2020-10-16 16:30:00,121
355,2020-10-16 16:45:00,114
356,2020-10-16 17:00:00,111
357,2020-10-16 17:15:00,128
358,2020-10-16 17:30:00,131
359,2020-10-16 17:45:00,148
360,2020-10-16 18:00:00,151
361,2020-10-16 18:15:00,153
362,2020-10-16 18:30:00,158
363,2020-10-16 18:45:00,155
364,2020-10-16 19:00:00,149
365,2020-10-16 19:15:00,148
366,2020-10-16 19:30:00,131
367,2020-10-16 19:45:00,119
368,2020-10-16 20:00:00,107
369,2020-10-16 20:15:00,127
370,2020-10-16 20:30:00,111
371,2020-10-16 20:45:00,121
372,2020-10-16 21:00:00,124
373,2020-10-16 21:15:00,128
374,2020-10-16 21:30:00,133
375,2020-10-16 21:45:00,136
376,2020-10-16 22:00:00,127
377,2020-10-16 22:15:00,131
378,2020-10-16 22:30:00,140
379,2020-10-16 22:45:00,143
380,2020-10-16 23:00:00,140
381,2020-10-16 23:15:00,139
382,2020-10-16 23:30:00,137
383,2020-10-16 23:45:00,136
384,2020-10-17 00:00:00,152
385,2020-10-17 00:15:00,157
386,2020-10-17 00:30:00,151
387,2020-10-17 00:45:00,139
388,2020-10-17 01:00:00,109
389,2020-10-17 01:15:00,98
390,2020-10-17 01:30:00,96
391,2020-10-17 01:45:00,86
392,2020-10-17 02:00:00,86
393,2020-10-17 02:15:00,80
394,2020-10-17 02:30:00,98
395,2020-10-17 02:45:00,107
396,2020-10-17 03:00:00,121
397,2020-10-17 03:15:00,135
398,2020-10-17 03:30:00,156
399,2020-10-17 03:45:00,140
400,2020-10-17 04:00:00,102
401,2020-10-17 04:15:00,95
402,2020-10-17 04:30:00,102
403,2020-10-17 04:45:00,92
404,2020-10-17 05:00:00,103
405,2020-10-17 05:15:00,94
406,2020-10-17 05:30:00,82
407,2020-10-17 05:45:00,71
408,2020-10-17 06:00:00,97
409,2020-10-17 06:15:00,94
410,2020-10-17 06:30:00,87
411,2020-10-17 06:45:00,92
412,2020-10-17 07:00:00,104
413,2020-10-17 07:15:00,122
414,2020-10-17 07:30:00,120
415,2020-10-17 07:45:00,118
416,2020-10-17 08:00:00,104
417,2020-10-17 08:15:00,68
418,2020-10-17 08:30:00,76
419,2020-10-17 08:45:00,91
420,2020-10-17 09:00:00,87
421,2020-10-17 09:15:00,91
422,2020-10-17 09:30:00,87
423,2020-10-17 09:45:00,86
424,2020-10-17 10:00:00,102
425,2020-10-17 10:15:00,100
426,2020-10-17 10:30:00,107
427,2020-10-17 10:45:00,114
428,2020-10-17 11:00:00,101
429,2020-10-17 11:15:00,51
430,2020-10-17 11:30:00,55
431,2020-10-17 11:45:00,71
432,2020-10-17 12:00:00,76
433,2020-10-17 12:15:00,87
434,2020-10-17 12:30:00,96
435,2020-10-17 12:45:00,99
436,2020-10-17 13:00:00,101
437,2020-10-17 13:15:00,78
438,2020-10-17 13:30:00,70
439,2020-10-17 13:45:00,83
440,2020-10-17 14:00:00,90
441,2020-10-17 14:15:00,109
442,2020-10-17 14:30:00,97
443,2020-10-17 14:45:00,79
444,2020-10-17 15:00:00,82
445,2020-10-17 15:15:00,101
446,2020-10-17 15:30:00,100
447,2020-10-17 15:45:00,118
448,2020-10-17 16:00:00,116
449,2020-10-17 16:15:00,113
450,2020-10-17 16:30:00,116
451,2020-10-17 16:45:00,112
452,2020-10-17 17:00:00,115
453,2020-10-17 17:15:00,96
454,2020-10-17 17:30:00,126
455,2020-10-17 17:45:00,146
456,2020-10-17 18:00:00,160
457,2020-10-17 18:15:00,172
458,2020-10-17 18:30:00,167
459,2020-10-17 18:45:00,179
460,2020-10-17 19:00:00,187
461,2020-10-17 19:15:00,175
462,2020-10-17 19:30:00,161
463,2020-10-17 19:45:00,148
464,2020-10-17 20:00:00,153
465,2020-10-17 20:15:00,148
466,2020-10-17 20:30:00,151
467,2020-10-17 20:45:00,157
468,2020-10-17 21:00:00,136
469,2020-10-17 21:15:00,140
470,2020-10-17 21:30:00,144
471,2020-10-17 21:45:00,129
472,2020-10-17 22:00:00,120
473,2020-10-17 22:15:00,108
474,2020-10-17 22:30:00,106
475,2020-10-17 22:45:00,118
476,2020-10-17 23:00:00,114
477,2020-10-17 23:15:00,126
478,2020-10-17 23:30:00,152
479,2020-10-17 23:45:00,160
480,2020-10-18 00:00:00,172
481,2020-10-18 00:15:00,175
482,2020-10-18 00:30:00,156
483,2020-10-18 00:45:00,119
484,2020-10-18 01:00:00,123
485,2020-10-18 01:15:00,102
486,2020-10-18 01:30:00,89
487,2020-10-18 01:45:00,92
488,2020-10-18 02:00:00,96
489,2020-10-18 02:15:00,91
490,2020-10-18 02:30:00,88
491,2020-10-18 02:45:00,77
492,2020-10-18 03:00:00,82
493,2020-10-18 03:15:00,92
494,2020-10-18 03:30:00,105
495,2020-10-18 03:45:00,92
496,2020-10-18 04:00:00,76
497,2020-10-18 04:15:00,91
498,2020-10-18 04:30:00,97
499,2020-10-18 04:45:00,94
500,2020-10-18 05:00:00,98
501,2020-10-18 05:15:00,80
502,2020-10-18 05:30:00,81
503,2020-10-18 05:45:00,89
504,2020-10-18 06:00:00,97
505,2020-10-18 06:15:00,91
506,2020-10-18 06:30:00,90
507,2020-10-18 06:45:00,93
508,2020-10-18 07:00:00,107
509,2020-10-18 07:15:00,114
510,2020-10-18 07:30:00,110
511,2020-10-18 07:45:00,104
512,2020-10-18 08:00:00,86
513,2020-10-18 08:15:00,64
514,2020-10-18 08:30:00,76
515,2020-10-18 08:45:00,82
516,2020-10-18 09:00:00,90
517,2020-10-18 09:15:00,95
518,2020-10-18 09:30:00,93
519,2020-10-18 09:45:00,91
520,2020-10-18 10:00:00,109
521,2020-10-18 10:15:00,108
522,2020-10-18 10:30:00,109
523,2020-10-18 10:45:00,119
524,2020-10-18 11:00:00,102
525,2020-10-18 11:15:00,67
526,2020-10-18 11:30:00,75
527,2020-10-18 11:45:00,79
528,2020-10-18 12:00:00,82
529,2020-10-18 12:15:00,89
530,2020-10-18 12:30:00,102
531,2020-10-18 12:45:00,110
532,2020-10-18 13:00:00,104
533,2020-10-18 13:15:00,86
534,2020-10-18 13:30:00,78
535,2020-10-18 13:45:00,94
536,2020-10-18 14:00:00,117
537,2020-10-18 14:15:00,113
538,2020-10-18 14:30:00,108
539,2020-10-18 14:45:00,102
540,2020-10-18 15:00:00,101
541,2020-10-18 15:15:00,113
542,2020-10-18 15:30:00,115
543,2020-10-18 15:45:00,112
544,2020-10-18 16:00:00,123
545,2020-10-18 16:15:00,110
546,2020-10-18 16:30:00,121
547,2020-10-18 16:45:00,108
548,2020-10-18 17:00:00,112
549,2020-10-18 17:15:00,129
550,2020-10-18 17:30:00,133
551,2020-10-18 17:45:00,146
552,2020-10-18 18:00:00,151
553,2020-10-18 18:15:00,148
554,2020-10-18 18:30:00,148
555,2020-10-18 18:45:00,147
556,2020-10-18 19:00:00,149
557,2020-10-18 19:15:00,138
558,2020-10-18 19:30:00,117
559,2020-10-18 19:45:00,116
560,2020-10-18 20:00:00,112
561,2020-10-18 20:15:00,120
562,2020-10-18 20:30:00,117
563,2020-10-18 20:45:00,131
564,2020-10-18 21:00:00,137
565,2020-10-18 21:15:00,150
566,2020-10-18 21:30:00,144
567,2020-10-18 21:45:00,143
568,2020-10-18 22:00:00,128
569,2020-10-18 22:15:00,131
570,2020-10-18 22:30:00,135
571,2020-10-18 22:45:00,124
572,2020-10-18 23:00:00,140
573,2020-10-18 23:15:00,138
574,2020-10-18 23:30:00,145
575,2020-10-18 23:45:00,154
576,2020-10-19 00:00:00,173
577,2020-10-19 00:15:00,167
578,2020-10-19 00:30:00,184
579,2020-10-19 00:45:00,172
580,2020-10-19 01:00:00,137
581,2020-10-19 01:15:00,112
582,2020-10-19 01:30:00,102
583,2020-10-19 01:45:00,90
584,2020-10-19 02:00:00,89
585,2020-10-19 02:15:00,91
586,2020-10-19 02:30:00,91
587,2020-10-19 02:45:00,75
588,2020-10-19 03:00:00,80
589,2020-10-19 03:15:00,96
590,2020-10-19 03:30:00,111
591,2020-10-19 03:45:00,80
592,2020-10-19 04:00:00,72
593,2020-10-19 04:15:00,97
594,2020-10-19 04:30:00,94
595,2020-10-19 04:45:00,99
596,2020-10-19 05:00:00,94
597,2020-10-19 05:15:00,74
598,2020-10-19 05:30:00,70
599,2020-10-19 05:45:00,83
600,2020-10-19 06:00:00,109
601,2020-10-19 06:15:00,109
602,2020-10-19 06:30:00,102
603,2020-10-19 06:45:00,105
604,2020-10-19 07:00:00,129
605,2020-10-19 07:15:00,127
606,2020-10-19 07:30:00,107
607,2020-10-19 07:45:00,72
608,2020-10-19 08:00:00,69
609,2020-10-19 08:15:00,66
610,2020-10-19 08:30:00,83
611,2020-10-19 08:45:00,88
612,2020-10-19 09:00:00,97
613,2020-10-19 09:15:00,104
614,2020-10-19 09:30:00,97
615,2020-10-19 09:45:00,111
616,2020-10-19 10:00:00,113
617,2020-10-19 10:15:00,100
618,2020-10-19 10:30:00,111
619,2020-10-19 10:45:00,106
620,2020-10-19 11:00:00,85
621,2020-10-19 11:15:00,63
622,2020-10-19 11:30:00,68
623,2020-10-19 11:45:00,70
624,2020-10-19 12:00:00,84
625,2020-10-19 12:15:00,101
626,2020-10-19 12:30:00,112
627,2020-10-19 12:45:00,116
628,2020-10-19 13:00:00,115
629,2020-10-19 13:15:00,94
630,2020-10-19 13:30:00,90
631,2020-10-19 13:45:00,99
632,2020-10-19 14:00:00,108
633,2020-10-19 14:15:00,107
634,2020-10-19 14:30:00,109
635,2020-10-19 14:45:00,97
636,2020-10-19 15:00:00,105
637,2020-10-19 15:15:00,135
638,2020-10-19 15:30:00,114
639,2020-10-19 15:45:00,116
640,2020-10-19 16:00:00,124
641,2020-10-19 16:15:00,126
642,2020-10-19 16:30:00,132
643,2020-10-19 16:45:00,128
644,2020-10-19 17:00:00,149
645,2020-10-19 17:15:00,152
646,2020-10-19 17:30:00,160
647,2020-10-19 17:45:00,178
648,2020-10-19 18:00:00,184
649,2020-10-19 18:15:00,164
650,2020-10-19 18:30:00,159
651,2020-10-19 18:45:00,148
652,2020-10-19 19:00:00,144
653,2020-10-19 19:15:00,143
654,2020-10-19 19:30:00,128
655,2020-10-19 19:45:00,122
656,2020-10-19 20:00:00,137
657,2020-10-19 20:15:00,132
658,2020-10-19 20:30:00,145
659,2020-10-19 20:45:00,157
660,2020-10-19 21:00:00,159
661,2020-10-19 21:15:00,163
662,2020-10-19 21:30:00,165
663,2020-10-19 21:45:00,173
664,2020-10-19 22:00:00,167
665,2020-10-19 22:15:00,148
666,2020-10-19 22:30:00,153
667,2020-10-19 22:45:00,161
668,2020-10-19 23:00:00,156
669,2020-10-19 23:15:00,159
670,2020-10-19 23:30:00,146
671,2020-10-19 23:45:00,152
672,2020-10-20 00:00:00,154
673,2020-10-20 00:15:00,156
674,2020-10-20 00:30:00,145
675,2020-10-20 00:45:00,120
676,2020-10-20 01:00:00,108
677,2020-10-20 01:15:00,89
678,2020-10-20 01:30:00,84
679,2020-10-20 01:45:00,85
680,2020-10-20 02:00:00,96
681,2020-10-20 02:15:00,98
682,2020-10-20 02:30:00,85
683,2020-10-20 02:45:00,71
684,2020-10-20 03:00:00,80
685,2020-10-20 03:15:00,101
686,2020-10-20 03:30:00,124
687,2020-10-20 03:45:00,87
688,2020-10-20 04:00:00,74
689,2020-10-20 04:15:00,102
690,2020-10-20 04:30:00,103
691,2020-10-20 04:45:00,106
692,2020-10-20 05:00:00,126
693,2020-10-20 05:15:00,95
694,2020-10-20 05:30:00,86
695,2020-10-20 05:45:00,93
696,2020-10-20 06:00:00,102
697,2020-10-20 06:15:00,94
698,2020-10-20 06:30:00,107
699,2020-10-20 06:45:00,111
700,2020-10-20 07:00:00,135
701,2020-10-20 07:15:00,121
702,2020-10-20 07:30:00,124
703,2020-10-20 07:45:00,103
704,2020-10-20 08:00:00,62
705,2020-10-20 08:15:00,74
706,2020-10-20 08:30:00,98
707,2020-10-20 08:45:00,89
708,2020-10-20 09:00:00,86
709,2020-10-20 09:15:00,90
710,2020-10-20 09:30:00,83
711,2020-10-20 09:45:00,101
712,2020-10-20 10:00:00,109
713,2020-10-20 10:15:00,112
714,2020-10-20 10:30:00,122
715,2020-10-20 10:45:00,111
716,2020-10-20 11:00:00,85
717,2020-10-20 11:15:00,61
718,2020-10-20 11:30:00,75
719,2020-10-20 11:45:00,71
720,2020-10-20 12:00:00,88
721,2020-10-20 12:15:00,104
722,2020-10-20 12:30:00,115
723,2020-10-20 12:45:00,116
724,2020-10-20 13:00:00,92
725,2020-10-20 13:15:00,74
726,2020-10-20 13:30:00,74
727,2020-10-20 13:45:00,89
728,2020-10-20 14:00:00,115
729,2020-10-20 14:15:00,102
730,2020-10-20 14:30:00,87
731,2020-10-20 14:45:00,84
732,2020-10-20 15:00:00,96
733,2020-10-20 15:15:00,121
734,2020-10-20 15:30:00,122
735,2020-10-20 15:45:00,118
736,2020-10-20 16:00:00,115
737,2020-10-20 16:15:00,118
738,2020-10-20 16:30:00,116
739,2020-10-20 16:45:00,143
740,2020-10-20 17:00:00,157
741,2020-10-20 17:15:00,160
742,2020-10-20 17:30:00,162
743,2020-10-20 17:45:00,172
744,2020-10-20 18:00:00,185
745,2020-10-20 18:15:00,180
746,2020-10-20 18:30:00,173
747,2020-10-20 18:45:00,161
748,2020-10-20 19:00:00,154
749,2020-10-20 19:15:00,123
750,2020-10-20 19:30:00,122
751,2020-10-20 19:45:00,127
752,2020-10-20 20:00:00,142
753,2020-10-20 20:15:00,124
754,2020-10-20 20:30:00,128
755,2020-10-20 20:45:00,132
756,2020-10-20 21:00:00,125
757,2020-10-20 21:15:00,129
758,2020-10-20 21:30:00,129
759,2020-10-20 21:45:00,115
760,2020-10-20 22:00:00,106
761,2020-10-20 22:15:00,127
762,2020-10-20 22:30:00,121
763,2020-10-20 22:45:00,110
764,2020-10-20 23:00:00,145
765,2020-10-20 23:15:00,139
766,2020-10-20 23:30:00,149
767,2020-10-20 23:45:00,162
768,2020-10-21 00:00:00,148
769,2020-10-21 00:15:00,158
770,2020-10-21 00:30:00,149
771,2020-10-21 00:45:00,125
772,2020-10-21 01:00:00,109
773,2020-10-21 01:15:00,83
774,2020-10-21 01:30:00,86
775,2020-10-21 01:45:00,94
776,2020-10-21 02:00:00,91
777,2020-10-21 02:15:00,91
778,2020-10-21 02:30:00,78
779,2020-10-21 02:45:00,68
780,2020-10-21 03:00:00,82
781,2020-10-21 03:15:00,98
782,2020-10-21 03:30:00,94
783,2020-10-21 03:45:00,75
784,2020-10-21 04:00:00,79
785,2020-10-21 04:15:00,95
786,2020-10-21 04:30:00,101
787,2020-10-21 04:45:00,100
788,2020-10-21 05:00:00,75
789,2020-10-21 05:15:00,72
790,2020-10-21 05:30:00,77
791,2020-10-21 05:45:00,83
792,2020-10-21 06:00:00,99
793,2020-10-21 06:15:00,87
794,2020-10-21 06:30:00,98
795,2020-10-21 06:45:00,105
796,2020-10-21 07:00:00,121
797,2020-10-21 07:15:00,113
798,2020-10-21 07:30:00,95
799,2020-10-21 07:45:00,78
800,2020-10-21 08:00:00,70
801,2020-10-21 08:15:00,74
802,2020-10-21 08:30:00,90
803,2020-10-21 08:45:00,85
804,2020-10-21 09:00:00,80
805,2020-10-21 09:15:00,84
806,2020-10-21 09:30:00,83
807,2020-10-21 09:45:00,103
808,2020-10-21 10:00:00,110
809,2020-10-21 10:15:00,121
810,2020-10-21 10:30:00,119
811,2020-10-21 10:45:00,104
812,2020-10-21 11:00:00,79
813,2020-10-21 11:15:00,59
814,2020-10-21 11:30:00,68
815,2020-10-21 11:45:00,86
816,2020-10-21 12:00:00,90
817,2020-10-21 12:15:00,99
818,2020-10-21 12:30:00,107
819,2020-10-21 12:45:00,110
820,2020-10-21 13:00:00,103
821,2020-10-21 13:15:00,79
822,2020-10-21 13:30:00,84
823,2020-10-21 13:45:00,87
824,2020-10-21 14:00:00,111
825,2020-10-21 14:15:00,92
826,2020-10-21 14:30:00,88
827,2020-10-21 14:45:00,87
828,2020-10-21 15:00:00,117
829,2020-10-21 15:15:00,108
830,2020-10-21 15:30:00,115
831,2020-10-21 15:45:00,113
832,2020-10-21 16:00:00,114
833,2020-10-21 16:15:00,115
834,2020-10-21 16:30:00,113
835,2020-10-21 16:45:00,115
836,2020-10-21 17:00:00,131
837,2020-10-21 17:15:00,132
838,2020-10-21 17:30:00,151
839,2020-10-21 17:45:00,165
840,2020-10-21 18:00:00,183
841,2020-10-21 18:15:00,168
842,2020-10-21 18:30:00,169
843,2020-10-21 18:45:00,171
844,2020-10-21 19:00:00,167
845,2020-10-21 19:15:00,148
846,2020-10-21 19:30:00,146
847,2020-10-21 19:45:00,163
848,2020-10-21 20:00:00,161
849,2020-10-21 20:15:00,159
850,2020-10-21 20:30:00,160
851,2020-10-21 20:45:00,167
852,2020-10-21 21:00:00,165
853,2020-10-21 21:15:00,163
854,2020-10-21 21:30:00,163
855,2020-10-21 21:45:00,142
856,2020-10-21 22:00:00,157
857,2020-10-21 22:15:00,157
858,2020-10-21 22:30:00,152
859,2020-10-21 22:45:00,147
860,2020-10-21 23:00:00,153
861,2020-10-21 23:15:00,137
862,2020-10-21 23:30:00,131
863,2020-10-21 23:45:00,150
864,2020-10-22 00:00:00,142
865,2020-10-22 00:15:00,142
866,2020-10-22 00:30:00,117
867,2020-10-22 00:45:00,118
868,2020-10-22 01:00:00,99
869,2020-10-22 01:15:00,90
870,2020-10-22 01:30:00,94
871,2020-10-22 01:45:00,98
872,2020-10-22 02:00:00,112
873,2020-10-22 02:15:00,125
874,2020-10-22 02:30:00,137
875,2020-10-22 02:45:00,148
876,2020-10-22 03:00:00,158
877,2020-10-22 03:15:00,167
878,2020-10-22 03:30:00,141
879,2020-10-22 03:45:00,116
880,2020-10-22 04:00:00,140
881,2020-10-22 04:15:00,126
882,2020-10-22 04:30:00,115
883,2020-10-22 04:45:00,142
884,2020-10-22 05:00:00,103
885,2020-10-22 05:15:00,62
886,2020-10-22 05:30:00,94
887,2020-10-22 05:45:00,98
888,2020-10-22 06:00:00,95
889,2020-10-22 06:15:00,96
890,2020-10-22 06:30:00,104
891,2020-10-22 06:45:00,116
892,2020-10-22 07:00:00,132
893,2020-10-22 07:15:00,119
894,2020-10-22 07:30:00,105
895,2020-10-22 07:45:00,79
896,2020-10-22 08:00:00,66
897,2020-10-22 08:15:00,74
898,2020-10-22 08:30:00,86
899,2020-10-22 08:45:00,84
900,2020-10-22 09:00:00,84
901,2020-10-22 09:15:00,79
902,2020-10-22 09:30:00,86
903,2020-10-22 09:45:00,97
904,2020-10-22 10:00:00,103
905,2020-10-22 10:15:00,113
906,2020-10-22 10:30:00,123
907,2020-10-22 10:45:00,85
908,2020-10-22 11:00:00,55
909,2020-10-22 11:15:00,65
910,2020-10-22 11:30:00,72
911,2020-10-22 11:45:00,84
912,2020-10-22 12:00:00,93
913,2020-10-22 12:15:00,100
914,2020-10-22 12:30:00,104
915,2020-10-22 12:45:00,105
916,2020-10-22 13:00:00,83
917,2020-10-22 13:15:00,70
918,2020-10-22 13:30:00,79
919,2020-10-22 13:45:00,90
920,2020-10-22 14:00:00,102
921,2020-10-22 14:15:00,103
922,2020-10-22 14:30:00,95
923,2020-10-22 14:45:00,100
924,2020-10-22 15:00:00,127
925,2020-10-22 15:15:00,122
926,2020-10-22 15:30:00,110
927,2020-10-22 15:45:00,110
928,2020-10-22 16:00:00,113
929,2020-10-22 16:15:00,125
930,2020-10-22 16:30:00,121
931,2020-10-22 16:45:00,112
932,2020-10-22 17:00:00,121
933,2020-10-22 17:15:00,141
934,2020-10-22 17:30:00,156
935,2020-10-22 17:45:00,167
936,2020-10-22 18:00:00,164
937,2020-10-22 18:15:00,161
938,2020-10-22 18:30:00,163
939,2020-10-22 18:45:00,152
940,2020-10-22 19:00:00,135
941,2020-10-22 19:15:00,128
942,2020-10-22 19:30:00,120
943,2020-10-22 19:45:00,133
944,2020-10-22 20:00:00,136
945,2020-10-22 20:15:00,133
946,2020-10-22 20:30:00,130
947,2020-10-22 20:45:00,135
948,2020-10-22 21:00:00,139
949,2020-10-22 21:15:00,136
950,2020-10-22 21:30:00,129
951,2020-10-22 21:45:00,109
952,2020-10-22 22:00:00,109
953,2020-10-22 22:15:00,125
954,2020-10-22 22:30:00,115
955,2020-10-22 22:45:00,132
956,2020-10-22 23:00:00,143
957,2020-10-22 23:15:00,148
958,2020-10-22 23:30:00,163
959,2020-10-22 23:45:00,165
960,2020-10-23 00:00:00,166
961,2020-10-23 00:15:00,164
962,2020-10-23 00:30:00,155
963,2020-10-23 00:45:00,140
964,2020-10-23 01:00:00,115
965,2020-10-23 01:15:00,101
966,2020-10-23 01:30:00,112
967,2020-10-23 01:45:00,115
968,2020-10-23 02:00:00,101
969,2020-10-23 02:15:00,92
970,2020-10-23 02:30:00,72
971,2020-10-23 02:45:00,71
972,2020-10-23 03:00:00,88
973,2020-10-23 03:15:00,97
974,2020-10-23 03:30:00,72
975,2020-10-23 03:45:00,72
976,2020-10-23 04:00:00,88
977,2020-10-23 04:15:00,92
978,2020-10-23 04:30:00,96
979,2020-10-23 04:45:00,84
980,2020-10-23 05:00:00,72
981,2020-10-23 05:15:00,77
982,2020-10-23 05:30:00,86
983,2020-10-23 05:45:00,92
984,2020-10-23 06:00:00,86
985,2020-10-23 06:15:00,91
986,2020-10-23 06:30:00,96
987,2020-10-23 06:45:00,106
988,2020-10-23 07:00:00,105
989,2020-10-23 07:15:00,105
990,2020-10-23 07:30:00,83
991,2020-10-23 07:45:00,66
992,2020-10-23 08:00:00,62
993,2020-10-23 08:15:00,90
994,2020-10-23 08:30:00,90
995,2020-10-23 08:45:00,82
996,2020-10-23 09:00:00,84
997,2020-10-23 09:15:00,79
998,2020-10-23 09:30:00,86
999,2020-10-23 09:45:00,90
1000,2020-10-23 10:00:00,92
1001,2020-10-23 10:15:00,106
1002,2020-10-23 10:30:00,95
1003,2020-10-23 10:45:00,68
1004,2020-10-23 11:00:00,59
1005,2020-10-23 11:15:00,72
1006,2020-10-23 11:30:00,75
1007,2020-10-23 11:45:00,77
1008,2020-10-23 12:00:00,86
1009,2020-10-23 12:15:00,95
1010,2020-10-23 12:30:00,100
1011,2020-10-23 12:45:00,81
1012,2020-10-23 13:00:00,72
1013,2020-10-23 13:15:00,66
1014,2020-10-23 13:30:00,82
1015,2020-10-23 13:45:00,91
1016,2020-10-23 14:00:00,74
1017,2020-10-23 14:15:00,84
1018,2020-10-23 14:30:00,82
1019,2020-10-23 14:45:00,100
1020,2020-10-23 15:00:00,121
1021,2020-10-23 15:15:00,117
1022,2020-10-23 15:30:00,106
1023,2020-10-23 15:45:00,108
1024,2020-10-23 16:00:00,113
1025,2020-10-23 16:15:00,116
1026,2020-10-23 16:30:00,109
1027,2020-10-23 16:45:00,110
1028,2020-10-23 17:00:00,120
1029,2020-10-23 17:15:00,140
1030,2020-10-23 17:30:00,155
1031,2020-10-23 17:45:00,165
1032,2020-10-23 18:00:00,154
1033,2020-10-23 18:15:00,166
1034,2020-10-23 18:30:00,160
1035,2020-10-23 18:45:00,155
1036,2020-10-23 19:00:00,138
1037,2020-10-23 19:15:00,129
1038,2020-10-23 19:30:00,116
1039,2020-10-23 19:45:00,129
1040,2020-10-23 20:00:00,122
1041,2020-10-23 20:15:00,127
1042,2020-10-23 20:30:00,133
1043,2020-10-23 20:45:00,140
1044,2020-10-23 21:00:00,153
1045,2020-10-23 21:15:00,152
1046,2020-10-23 21:30:00,144
1047,2020-10-23 21:45:00,143
1048,2020-10-23 22:00:00,151
1049,2020-10-23 22:15:00,155
1050,2020-10-23 22:30:00,162
1051,2020-10-23 22:45:00,158
1052,2020-10-23 23:00:00,179
1053,2020-10-23 23:15:00,190
1054,2020-10-23 23:30:00,204
1055,2020-10-23 23:45:00,195
1056,2020-10-24 00:00:00,203
1057,2020-10-24 00:15:00,206
1058,2020-10-24 00:30:00,191
1059,2020-10-24 00:45:00,187
1060,2020-10-24 01:00:00,153
1061,2020-10-24 01:15:00,155
1062,2020-10-24 01:30:00,154
1063,2020-10-24 01:45:00,144
1064,2020-10-24 02:00:00,109
1065,2020-10-24 02:15:00,109
1066,2020-10-24 02:30:00,98
1067,2020-10-24 02:45:00,97
1068,2020-10-24 03:00:00,108
1069,2020-10-24 03:15:00,107
1070,2020-10-24 03:30:00,82
1071,2020-10-24 03:45:00,84
1072,2020-10-24 04:00:00,103
1073,2020-10-24 04:15:00,102
1074,2020-10-24 04:30:00,100
1075,2020-10-24 04:45:00,74
1076,2020-10-24 05:00:00,82
1077,2020-10-24 05:15:00,96
1078,2020-10-24 05:30:00,97
1079,2020-10-24 05:45:00,103
1080,2020-10-24 06:00:00,101
1081,2020-10-24 06:15:00,103
1082,2020-10-24 06:30:00,109
1083,2020-10-24 06:45:00,123
1084,2020-10-24 07:00:00,119
1085,2020-10-24 07:15:00,114
1086,2020-10-24 07:30:00,87
1087,2020-10-24 07:45:00,74
1088,2020-10-24 08:00:00,78
1089,2020-10-24 08:15:00,98
1090,2020-10-24 08:30:00,101
1091,2020-10-24 08:45:00,114
1092,2020-10-24 09:00:00,107
1093,2020-10-24 09:15:00,99
1094,2020-10-24 09:30:00,112
1095,2020-10-24 09:45:00,108
1096,2020-10-24 10:00:00,109
1097,2020-10-24 10:15:00,115
1098,2020-10-24 10:30:00,88
1099,2020-10-24 10:45:00,57
1100,2020-10-24 11:00:00,63
1101,2020-10-24 11:15:00,74
1102,2020-10-24 11:30:00,75
1103,2020-10-24 11:45:00,81
1104,2020-10-24 12:00:00,90
1105,2020-10-24 12:15:00,101
1106,2020-10-24 12:30:00,97
1107,2020-10-24 12:45:00,87
1108,2020-10-24 13:00:00,82
1109,2020-10-24 13:15:00,78
1110,2020-10-24 13:30:00,85
1111,2020-10-24 13:45:00,95
1112,2020-10-24 14:00:00,90
1113,2020-10-24 14:15:00,88
1114,2020-10-24 14:30:00,87
1115,2020-10-24 14:45:00,105
1116,2020-10-24 15:00:00,122
1117,2020-10-24 15:15:00,129
1118,2020-10-24 15:30:00,114
1119,2020-10-24 15:45:00,111
1120,2020-10-24 16:00:00,118
1121,2020-10-24 16:15:00,115
1122,2020-10-24 16:30:00,125
1123,2020-10-24 16:45:00,130
1124,2020-10-24 17:00:00,132
1125,2020-10-24 17:15:00,154
1126,2020-10-24 17:30:00,157
1127,2020-10-24 17:45:00,161
1128,2020-10-24 18:00:00,161
1129,2020-10-24 18:15:00,154
1130,2020-10-24 18:30:00,152
1131,2020-10-24 18:45:00,143
1132,2020-10-24 19:00:00,123
1133,2020-10-24 19:15:00,117
1134,2020-10-24 19:30:00,107
1135,2020-10-24 19:45:00,125
1136,2020-10-24 20:00:00,124
1137,2020-10-24 20:15:00,131
1138,2020-10-24 20:30:00,135
1139,2020-10-24 20:45:00,138
1140,2020-10-24 21:00:00,143
1141,2020-10-24 21:15:00,143
1142,2020-10-24 21:30:00,141
1143,2020-10-24 21:45:00,137
1144,2020-10-24 22:00:00,140
1145,2020-10-24 22:15:00,151
1146,2020-10-24 22:30:00,148
1147,2020-10-24 22:45:00,163
1148,2020-10-24 23:00:00,151
1149,2020-10-24 23:15:00,151
1150,2020-10-24 23:30:00,157
1151,2020-10-24 23:45:00,156
1152,2020-10-25 00:00:00,154
1153,2020-10-25 00:15:00,141
1154,2020-10-25 00:30:00,120
1155,2020-10-25 00:45:00,115
1156,2020-10-25 01:00:00,106
1157,2020-10-25 01:15:00,101
1158,2020-10-25 01:30:00,107
1159,2020-10-25 01:45:00,92
1160,2020-10-25 02:00:00,97
1161,2020-10-25 02:15:00,89
1162,2020-10-25 02:30:00,83
1163,2020-10-25 02:45:00,85
1164,2020-10-25 03:00:00,99
1165,2020-10-25 03:15:00,84
1166,2020-10-25 03:30:00,70
1167,2020-10-25 03:45:00,83
1168,2020-10-25 04:00:00,87
1169,2020-10-25 04:15:00,95
1170,2020-10-25 04:30:00,92
1171,2020-10-25 04:45:00,78
1172,2020-10-25 05:00:00,85
1173,2020-10-25 05:15:00,82
1174,2020-10-25 05:30:00,83
1175,2020-10-25 05:45:00,89
1176,2020-10-25 06:00:00,86
1177,2020-10-25 06:15:00,93
1178,2020-10-25 06:30:00,106
1179,2020-10-25 06:45:00,118
1180,2020-10-25 07:00:00,113
1181,2020-10-25 07:15:00,101
1182,2020-10-25 07:30:00,76
1183,2020-10-25 07:45:00,65
1184,2020-10-25 08:00:00,88
1185,2020-10-25 08:15:00,105
1186,2020-10-25 08:30:00,104
1187,2020-10-25 08:45:00,110
1188,2020-10-25 09:00:00,103
1189,2020-10-25 09:15:00,102
1190,2020-10-25 09:30:00,107
1191,2020-10-25 09:45:00,106
1192,2020-10-25 10:00:00,104
1193,2020-10-25 10:15:00,114
1194,2020-10-25 10:30:00,84
1195,2020-10-25 10:45:00,52
1196,2020-10-25 11:00:00,62
1197,2020-10-25 11:15:00,69
1198,2020-10-25 11:30:00,76
1199,2020-10-25 11:45:00,85
1200,2020-10-25 12:00:00,94
1201,2020-10-25 12:15:00,98
1202,2020-10-25 12:30:00,79
1203,2020-10-25 12:45:00,78
1204,2020-10-25 13:00:00,68
1205,2020-10-25 13:15:00,75
1206,2020-10-25 13:30:00,88
1207,2020-10-25 13:45:00,93
1208,2020-10-25 14:00:00,82
1209,2020-10-25 14:15:00,74
1210,2020-10-25 14:30:00,75
1211,2020-10-25 14:45:00,107
1212,2020-10-25 15:00:00,116
1213,2020-10-25 15:15:00,112
1214,2020-10-25 15:30:00,112
1215,2020-10-25 15:45:00,114
1216,2020-10-25 16:00:00,132
1217,2020-10-25 16:15:00,128
1218,2020-10-25 16:30:00,127
1219,2020-10-25 16:45:00,136
1220,2020-10-25 17:00:00,138
1221,2020-10-25 17:15:00,145
1222,2020-10-25 17:30:00,167
1223,2020-10-25 17:45:00,172
1224,2020-10-25 18:00:00,177
1225,2020-10-25 18:15:00,184
1226,2020-10-25 18:30:00,188
1227,2020-10-25 18:45:00,187
1228,2020-10-25 19:00:00,147
1229,2020-10-25 19:15:00,138
1230,2020-10-25 19:30:00,135
1231,2020-10-25 19:45:00,140
1232,2020-10-25 20:00:00,143
1233,2020-10-25 20:15:00,152
1234,2020-10-25 20:30:00,151
1235,2020-10-25 20:45:00,164
1236,2020-10-25 21:00:00,154
1237,2020-10-25 21:15:00,155
1238,2020-10-25 21:30:00,142
1239,2020-10-25 21:45:00,141
1240,2020-10-25 22:00:00,137
1241,2020-10-25 22:15:00,149
1242,2020-10-25 22:30:00,150
1243,2020-10-25 22:45:00,149
1244,2020-10-25 23:00:00,140
1245,2020-10-25 23:15:00,140
1246,2020-10-25 23:30:00,165
1247,2020-10-25 23:45:00,152
